{"cameraMode":{"drawMode":0,"name":"Shaded","section":"Shading Mode"},"sceneLighting":false,"audioPlay":false,"sceneViewState":{"m_AlwaysRefresh":false,"showFog":true,"showSkybox":false,"showFlares":true,"showImageEffects":true,"showParticleSystems":true,"showVisualEffectGraphs":true,"m_FxEnabled":true},"in2DMode":false,"pivot":{"x":95.86246490478516,"y":83.46841430664063,"z":34.72843933105469},"rotation":{"x":-0.07755588740110398,"y":-0.17758406698703767,"z":0.014039745554327965,"w":-0.9809539914131165},"size":42.509952545166019,"orthographic":false}