{"cameraMode":{"drawMode":0,"name":"Shaded","section":"Shading Mode"},"sceneLighting":false,"audioPlay":false,"sceneViewState":{"m_AlwaysRefresh":false,"showFog":true,"showSkybox":false,"showFlares":true,"showImageEffects":true,"showParticleSystems":true,"showVisualEffectGraphs":true,"m_FxEnabled":true},"in2DMode":false,"pivot":{"x":34.351463317871097,"y":54.645591735839847,"z":122.46179962158203},"rotation":{"x":-0.034585386514663699,"y":0.2121494561433792,"z":-0.007506616413593292,"w":-0.9766033887863159},"size":73.82793426513672,"orthographic":false}