{"cameraMode":{"drawMode":0,"name":"Shaded","section":"Shading Mode"},"sceneLighting":false,"audioPlay":false,"sceneViewState":{"m_AlwaysRefresh":false,"showFog":true,"showSkybox":false,"showFlares":true,"showImageEffects":true,"showParticleSystems":true,"showVisualEffectGraphs":true,"m_FxEnabled":true},"in2DMode":false,"pivot":{"x":78.38445281982422,"y":6.82151985168457,"z":183.13856506347657},"rotation":{"x":-0.13845036923885346,"y":0.005355074070394039,"z":-0.0007475307211279869,"w":-0.9903604984283447},"size":61.561485290527347,"orthographic":false}