{"cameraMode":{"drawMode":0,"name":"Shaded","section":"Shading Mode"},"sceneLighting":false,"audioPlay":false,"sceneViewState":{"m_AlwaysRefresh":false,"showFog":true,"showSkybox":false,"showFlares":true,"showImageEffects":true,"showParticleSystems":true,"showVisualEffectGraphs":true,"m_FxEnabled":true},"in2DMode":false,"pivot":{"x":78.54766082763672,"y":8.528861999511719,"z":105.01251220703125},"rotation":{"x":-0.2815716862678528,"y":0.054089222103357318,"z":-0.015898412093520166,"w":-0.9578866958618164},"size":43.84588623046875,"orthographic":false}