{"cameraMode":{"drawMode":0,"name":"Shaded","section":"Shading Mode"},"sceneLighting":false,"audioPlay":false,"sceneViewState":{"m_AlwaysRefresh":false,"showFog":true,"showSkybox":false,"showFlares":true,"showImageEffects":true,"showParticleSystems":true,"showVisualEffectGraphs":true,"m_FxEnabled":true},"in2DMode":false,"pivot":{"x":0.09987258911132813,"y":20.203311920166017,"z":0.10474491119384766},"rotation":{"x":-0.3173443078994751,"y":0.13537272810935975,"z":-0.045822739601135257,"w":-0.9374872446060181},"size":0.8660253882408142,"orthographic":false}